{"chunk_definitions":[{"chunk_id":"c2ynagyulseed","chunk_label":"unnamed-chunk-1","document_id":"A611930","expansion_state":0,"options":{"engine":"r","include":false,"label":"unnamed-chunk-16"},"row":72,"row_count":1,"visible":true},{"chunk_id":"cf9oppi1brppm","chunk_label":"unnamed-chunk-3","document_id":"A611930","expansion_state":0,"options":{"engine":"r","include":false,"label":"unnamed-chunk-15"},"row":105,"row_count":1,"visible":true},{"chunk_id":"csnn65uspvhge","chunk_label":"unnamed-chunk-4","document_id":"A611930","expansion_state":0,"options":{"engine":"r","label":"GD"},"row":114,"row_count":1,"visible":true}],"chunk_rendered_width":503,"doc_write_time":1600827430}