"0","GD<- data_NL%>% "
"0","  ggplot()+"
"0","  geom_point(aes(x=v_PAN, y=v_MORENA, color=ganador))+"
"0","  labs(title = str_wrap(""Relación entre los votos obtenidos por el PAN "
"0","                      y por MORENA en la elección al Congreso Federal "
"0","                      en Nuevo León en 2018"", width = 60),"
"0","       x = ""Votos recibidos por el PAN"","
"0","       y = ""Votos recibidos por MORENA"") +"
"0","  theme(panel.grid.minor = element_blank(), "
"0","        panel.grid.major = element_line(linetype = ""dashed""),"
"0","        axis.title = element_text(size = 9, hjust = 1, color = ""#a50f15"", face = ""bold""),"
"0","        axis.title.x = element_text(margin = margin(15, 0, 0, 0)),"
"0","        axis.title.y = element_text(margin = margin(0, 15, 0, 0)),"
"0","        legend.position = ""left"" )"
"0","GD<-ggplotly(GD)"
"0",""
