"0","# Opciones "
"0","options(scipen = 999)"
"0","Sys.setlocale(""LC_ALL"", ""es_ES.UTF-8"")"
"1","[1]"
"1"," ""es_ES.UTF-8/es_ES.UTF-8/es_ES.UTF-8/C/es_ES.UTF-8/en_US.UTF-8"""
"1","
"
"0","# Librerias "
"0","library(sf)"
"0","library(tidyverse)"
"0","library(viridis)"
"0","library(readr)"
"0","library(dplyr)"
"0","library(pacman)"
"0","p_load(tidyverse, "
"0","       plotly, "
"0","       readxl, "
"0","       scales)"
"0","library(leaflet) # Visualización interactiva (mapas)"
"0","library(tidyverse) # Manejo de bases de datos"
"0","library(htmlwidgets) # Para guardar paginas HTML"
"0","library(webshot) # Para imprimir paginas HTML"
"0",""
"0","#Bases de Datos"
"0","mapa_dtos_nl <- st_read(""01_Datos/NuevoLeon/DISTRITO.shp"", quiet = T)%>% "
"0","                st_transform(crs = 4326) "
"0","data_dtos <- read_delim(""01_Datos/diputaciones.csv"", "
"0","                           ""|"", escape_double = FALSE, trim_ws = TRUE, "
"0","                           skip = 5) "
"2","Missing column names filled in: 'X43' [43], 'X44' [44]"
"2","Parsed with column specification:
cols(
  .default = col_character(),
  ID_ESTADO = [32mcol_double()[39m,
  ID_DISTRITO = [32mcol_double()[39m,
  EXT_CONTIGUA = [32mcol_double()[39m,
  NUM_ACTA_IMPRESO = [32mcol_double()[39m,
  PAN = [32mcol_double()[39m,
  PRI = [32mcol_double()[39m,
  PRD = [32mcol_double()[39m,
  PVEM = [32mcol_double()[39m,
  PT = [32mcol_double()[39m,
  `MOVIMIENTO CIUDADANO` = [32mcol_double()[39m,
  `NUEVA ALIANZA` = [32mcol_double()[39m,
  MORENA = [32mcol_double()[39m,
  `ENCUENTRO SOCIAL` = [32mcol_double()[39m,
  CNR = [32mcol_double()[39m,
  VN = [32mcol_double()[39m,
  TOTAL_VOTOS_CALCULADOS = [32mcol_double()[39m,
  LISTA_NOMINAL_CASILLA = [32mcol_double()[39m
)
"
"2","See spec(...) for full column specifications.
"
"2","160246 parsing failures.
row col   expected     actual                        file
  1  -- 44 columns 42 columns '01_Datos/diputaciones.csv'
  2  -- 44 columns 42 columns '01_Datos/diputaciones.csv'
  3  -- 44 columns 42 columns '01_Datos/diputaciones.csv'
  4  -- 44 columns 42 columns '01_Datos/diputaciones.csv'
  5  -- 44 columns 42 columns '01_Datos/diputaciones.csv'
... ... .......... .......... ...........................
See problems(...) for more details.
"
"0","data_NL<- "
"0","  data_dtos %>% "
"0","  filter(ID_ESTADO == ""19"" & LISTA_NOMINAL_CASILLA > ""0"") %>% "
"0","  group_by(ID_DISTRITO,NOMBRE_DISTRITO) %>% "
"0","  mutate(ABST = TOTAL_VOTOS_CALCULADOS/LISTA_NOMINAL_CASILLA) %>% "
"0","  summarise(ausentismo = mean(ABST, na.rm=FALSE),"
"0","            v_MORENA=sum(sum(MORENA)),"
"0","            v_PAN=sum(sum(PAN)),"
"0","            V_PRI=sum(sum(PRI))) %>%"
"0","  mutate(ganador = ifelse(v_PAN>V_PRI & v_PAN>v_MORENA, "
"0","                          ""PAN"","
"0","                          ifelse(V_PRI>v_PAN & V_PRI>v_MORENA,"
"0","                                 ""PRI"","
"0","                                 ""MORENA"")))"
"0",""
"0","Nombres <- as_tibble(c(""Santa Catarina"", ""Apodaca"", ""Escobedo"", ""San Nicolás"",""Monterrey 1"", ""Monterrey 2"", ""García"", ""Guadalupe"", ""Linares"", ""Monterrey 3"", ""Guadalupe 2"", ""Juárez"")) "
"0",""
"0","data_NL<-"
"0","  data_NL %>% "
"0","  bind_cols(Nombres) %>% "
"0","  rename(NOMBRES=value) %>% "
"0","  select(-NOMBRE_DISTRITO)"
"0",""
"0","  "
"0","#1 GRÁFICA"
"0","GF<- data_NL%>% "
"0","  ggplot()+"
"0","  geom_point(aes(x=v_PAN, y=ausentismo))+"
"0","labs(title = str_wrap(""Relación entre los votos obtenidos por el PAN "
"0","                      y el abstencionismo en la elección al Congreso Federal "
"0","                      en Nuevo León en 2018"", width = 50),"
"0","     subtitle = ""Cada punto representa un distrito."","
"0","     x = ""Votos recibidos por el PAN"","
"0","     y = ""Radio de abstencionismo"") +"
"0","  theme_minimal() +"
"0","  theme(panel.grid.minor = element_blank(), "
"0","        panel.grid.major = element_line(linetype = ""dashed""),"
"0","        axis.title = element_text(size = 12, hjust = 1, color = ""#a50f15"", face = ""bold""),"
"0","        axis.title.x = element_text(margin = margin(15, 0, 0, 0)),"
"0","        axis.title.y = element_text(margin = margin(0, 15, 0, 0)))"
